﻿<?xml version="1.0" encoding="utf-8"?><DEFECTS><DEFECT>
    <SFA>
      <FILEPATH>c:\users\superdru\documents\visual studio 2015\projects\arraytask\arraytask\</FILEPATH>
      <FILENAME>arraytask.cpp</FILENAME>
      <LINE>25</LINE>
      <COLUMN>7</COLUMN>
    </SFA>
    <DEFECTCODE>6031</DEFECTCODE>
    <DESCRIPTION>Возвращаемое значение пропущено: "_getch".</DESCRIPTION>
    <FUNCTION>main</FUNCTION>
    <DECORATED>main</DECORATED>
    <FUNCLINE>7</FUNCLINE>
    <PATH></PATH>
  </DEFECT></DEFECTS>